"3,399,999","Camelia, Arabian Ranches 2, Dubai",4,4,"2,143 sqft",Palm Tree View | Upgraded | Across Pool,Palm Tree View | Upgraded | Across Pool
"400,000","Arabian Gates, Dubai Silicon Oasis, Dubai",0,1,463 sqft,Spacious and Bright Studio | Open View | Chiller Free | Vacant,Spacious and Bright Studio | Open View | Chiller Free | Vacant
"1,100,000","Al Yasmeen, Ajman",5,7,"3,200 sqft","At the best prices, a villa for sale, super lux finishing, personal building in the most prestigious areas in Ajman, freehold and bank financing, with","At the best prices, a villa for sale, super lux finishing, personal building in the most prestigious areas in Ajman, freehold and bank financing, with"
"1,500,000","Marina Diamond 1, Marina Diamonds, Dubai Marina, Dubai",2,2,983 sqft,Marina View | Furnished | Upgraded,Marina View | Furnished | Upgraded
"1,950,000","Madina Tower, JLT Cluster O, Jumeirah Lake Towers (JLT), Dubai",2,4,"2,031 sqft",Premium Tower | Exclusive | Park View,Premium Tower | Exclusive | Park View
"950,000","Belgravia Heights 1, JVC District 12, Jumeirah Village Circle (JVC), Dubai",1,1,764 sqft,Exclusive | Vacant | Fitted Kitchen | Park View,Exclusive | Vacant | Fitted Kitchen | Park View
"919,998","Al Yasmeen, Ajman",4,6,"3,000 sqft","Stop renting and own a life-changing freehold villa at the cheapest price for quick sale, without down payment and with the lowest monthly deduction","Stop renting and own a life-changing freehold villa at the cheapest price for quick sale, without down payment and with the lowest monthly deduction"
"990,000","Al Yasmeen, Ajman",4,5,"3,014 sqft","Own your villa for you and your family in Ajman, the Jasmine area, two floors, Arabic design,","Own your villa for you and your family in Ajman, the Jasmine area, two floors, Arabic design,"
"1,700,000","Al Zahya, Ajman",5,7,"3,400 sqft","At a snapshot price, without down payment, a villa near the mosque, one of the most luxurious villas in Ajman, with super deluxe finishes, freehold","At a snapshot price, without down payment, a villa near the mosque, one of the most luxurious villas in Ajman, with super deluxe finishes, freehold"
"2,399,999","Ocean Heights, Dubai Marina, Dubai",2,3,"1,619 sqft",On Low Floor | Fully Furnished | Well Maintained,On Low Floor | Fully Furnished | Well Maintained
"1,350,000","Al Yasmeen, Ajman",5,7,"3,000 sqft","One of the most luxurious Ajman villas, super deluxe personal building and finishing, building space and very large rooms, free ownership for all.","One of the most luxurious Ajman villas, super deluxe personal building and finishing, building space and very large rooms, free ownership for all."
"1,080,000","Al Helio 2, Al Helio, Ajman",5,7,"3,014 sqft","An opportunity to sell without down payment at an exclusive price, ground villa + first modern design. . . very excellent finishes - large building area","An opportunity to sell without down payment at an exclusive price, ground villa + first modern design. . . very excellent finishes - large building area"
"1,330,000","Al Alia, Ajman",5,7,"3,400 sqft","Villa for sale in Al Aley _ Ajman Owns a villa at a snapshot price, a distinguished location, personal finishing, directly on Sheikh Mohammed bin Zaye","Villa for sale in Al Aley _ Ajman Owns a villa at a snapshot price, a distinguished location, personal finishing, directly on Sheikh Mohammed bin Zaye"
"1,100,000","Al Yasmeen, Ajman",5,8,"3,014 sqft","At a snapshot price and without down payment, a new villa, the first inhabitant, opposite the mosque, one of the most luxurious villas in Ajman, perso","At a snapshot price and without down payment, a new villa, the first inhabitant, opposite the mosque, one of the most luxurious villas in Ajman, perso"
"1,190,000","Al Yasmeen, Ajman",3,6,"3,014 sqft","At a snapshot price for sale, a villa without down payment, two floors, and a roof, personal finis","At a snapshot price for sale, a villa without down payment, two floors, and a roof, personal finis"
"990,000","Al Yasmeen, Ajman",4,6,"3,014 sqft","Villa for sale - at a special price, without down payment, 100% bank financing - super deluxe finishes, freehold for all nationalities - large payment","Villa for sale - at a special price, without down payment, 100% bank financing - super deluxe finishes, freehold for all nationalities - large payment"
"1,150,000","Al Zahya, Ajman",5,7,"3,200 sqft","stone facade, modern design, wonderful finishes, for lovers of beauty and luxury, free ownership","stone facade, modern design, wonderful finishes, for lovers of beauty and luxury, free ownership"
"3,000,000","The Springs 14, The Springs, Dubai",2,3,"1,211 sqft",Peaceful | Great Location | Vacant on Transfer,Peaceful | Great Location | Vacant on Transfer
"830,000","Al Helio 2, Al Helio, Ajman",3,6,"3,900 sqft","Replace rent installments by owning a villa without a down payment, with easy and flexible bank financing, and the lowest monthly installment of up to","Replace rent installments by owning a villa without a down payment, with easy and flexible bank financing, and the lowest monthly installment of up to"
"1,350,000","Al Yasmeen, Ajman",5,7,"3,400 sqft","At the best prices, villa for sale, super lux finishing, personal building, in the finest areas in Ajman, freehold and bank financing, in easy install","At the best prices, villa for sale, super lux finishing, personal building, in the finest areas in Ajman, freehold and bank financing, in easy install"
"925,000","Beverly Residence, JVC District 13, Jumeirah Village Circle (JVC), Dubai",1,2,"1,088 sqft",Exclusive | 1Bhk | Big Layout |Terrace |Vacant JVC,Exclusive | 1Bhk | Big Layout |Terrace |Vacant JVC
"1,250,000","Al Yasmeen, Ajman",5,7,"3,014 sqft","Next to Ajman Mosque, and from the services area, two floors, facing stone, modern super deluxe design, with the possibility of easy bank financing","Next to Ajman Mosque, and from the services area, two floors, facing stone, modern super deluxe design, with the possibility of easy bank financing"
"6,499,999","The Centro, The Villa, Dubai",5,5,"7,100 sqft",Well Maintained Valencia | 5 Bhk |Prime Location,Well Maintained Valencia | 5 Bhk |Prime Location
"1,200,000","Al Yasmeen, Ajman",5,7,"3,360 sqft","At a price includes all fees (registration and ownership, without any service fees) - Seize the opportunity and own a new villa behind the garden","At a price includes all fees (registration and ownership, without any service fees) - Seize the opportunity and own a new villa behind the garden"
"3,399,999","Camelia, Arabian Ranches 2, Dubai",4,4,"2,143 sqft",Palm Tree View | Upgraded | Across Pool,Palm Tree View | Upgraded | Across Pool
"400,000","Arabian Gates, Dubai Silicon Oasis, Dubai",0,1,463 sqft,Spacious and Bright Studio | Open View | Chiller Free | Vacant,Spacious and Bright Studio | Open View | Chiller Free | Vacant
"1,100,000","Al Yasmeen, Ajman",5,7,"3,200 sqft","At the best prices, a villa for sale, super lux finishing, personal building in the most prestigious areas in Ajman, freehold and bank financing, with","At the best prices, a villa for sale, super lux finishing, personal building in the most prestigious areas in Ajman, freehold and bank financing, with"
"1,500,000","Marina Diamond 1, Marina Diamonds, Dubai Marina, Dubai",2,2,983 sqft,Marina View | Furnished | Upgraded,Marina View | Furnished | Upgraded
"1,950,000","Madina Tower, JLT Cluster O, Jumeirah Lake Towers (JLT), Dubai",2,4,"2,031 sqft",Premium Tower | Exclusive | Park View,Premium Tower | Exclusive | Park View
"950,000","Belgravia Heights 1, JVC District 12, Jumeirah Village Circle (JVC), Dubai",1,1,764 sqft,Exclusive | Vacant | Fitted Kitchen | Park View,Exclusive | Vacant | Fitted Kitchen | Park View
"919,998","Al Yasmeen, Ajman",4,6,"3,000 sqft","Stop renting and own a life-changing freehold villa at the cheapest price for quick sale, without down payment and with the lowest monthly deduction","Stop renting and own a life-changing freehold villa at the cheapest price for quick sale, without down payment and with the lowest monthly deduction"
"990,000","Al Yasmeen, Ajman",4,5,"3,014 sqft","Own your villa for you and your family in Ajman, the Jasmine area, two floors, Arabic design,","Own your villa for you and your family in Ajman, the Jasmine area, two floors, Arabic design,"
"1,700,000","Al Zahya, Ajman",5,7,"3,400 sqft","At a snapshot price, without down payment, a villa near the mosque, one of the most luxurious villas in Ajman, with super deluxe finishes, freehold","At a snapshot price, without down payment, a villa near the mosque, one of the most luxurious villas in Ajman, with super deluxe finishes, freehold"
"2,399,999","Ocean Heights, Dubai Marina, Dubai",2,3,"1,619 sqft",On Low Floor | Fully Furnished | Well Maintained,On Low Floor | Fully Furnished | Well Maintained
"1,350,000","Al Yasmeen, Ajman",5,7,"3,000 sqft","One of the most luxurious Ajman villas, super deluxe personal building and finishing, building space and very large rooms, free ownership for all.","One of the most luxurious Ajman villas, super deluxe personal building and finishing, building space and very large rooms, free ownership for all."
"1,080,000","Al Helio 2, Al Helio, Ajman",5,7,"3,014 sqft","An opportunity to sell without down payment at an exclusive price, ground villa + first modern design. . . very excellent finishes - large building area","An opportunity to sell without down payment at an exclusive price, ground villa + first modern design. . . very excellent finishes - large building area"
"1,330,000","Al Alia, Ajman",5,7,"3,400 sqft","Villa for sale in Al Aley _ Ajman Owns a villa at a snapshot price, a distinguished location, personal finishing, directly on Sheikh Mohammed bin Zaye","Villa for sale in Al Aley _ Ajman Owns a villa at a snapshot price, a distinguished location, personal finishing, directly on Sheikh Mohammed bin Zaye"
"1,100,000","Al Yasmeen, Ajman",5,8,"3,014 sqft","At a snapshot price and without down payment, a new villa, the first inhabitant, opposite the mosque, one of the most luxurious villas in Ajman, perso","At a snapshot price and without down payment, a new villa, the first inhabitant, opposite the mosque, one of the most luxurious villas in Ajman, perso"
"1,190,000","Al Yasmeen, Ajman",3,6,"3,014 sqft","At a snapshot price for sale, a villa without down payment, two floors, and a roof, personal finis","At a snapshot price for sale, a villa without down payment, two floors, and a roof, personal finis"
"990,000","Al Yasmeen, Ajman",4,6,"3,014 sqft","Villa for sale - at a special price, without down payment, 100% bank financing - super deluxe finishes, freehold for all nationalities - large payment","Villa for sale - at a special price, without down payment, 100% bank financing - super deluxe finishes, freehold for all nationalities - large payment"
"1,150,000","Al Zahya, Ajman",5,7,"3,200 sqft","stone facade, modern design, wonderful finishes, for lovers of beauty and luxury, free ownership","stone facade, modern design, wonderful finishes, for lovers of beauty and luxury, free ownership"
"3,000,000","The Springs 14, The Springs, Dubai",2,3,"1,211 sqft",Peaceful | Great Location | Vacant on Transfer,Peaceful | Great Location | Vacant on Transfer
"830,000","Al Helio 2, Al Helio, Ajman",3,6,"3,900 sqft","Replace rent installments by owning a villa without a down payment, with easy and flexible bank financing, and the lowest monthly installment of up to","Replace rent installments by owning a villa without a down payment, with easy and flexible bank financing, and the lowest monthly installment of up to"
"1,350,000","Al Yasmeen, Ajman",5,7,"3,400 sqft","At the best prices, villa for sale, super lux finishing, personal building, in the finest areas in Ajman, freehold and bank financing, in easy install","At the best prices, villa for sale, super lux finishing, personal building, in the finest areas in Ajman, freehold and bank financing, in easy install"
"925,000","Beverly Residence, JVC District 13, Jumeirah Village Circle (JVC), Dubai",1,2,"1,088 sqft",Exclusive | 1Bhk | Big Layout |Terrace |Vacant JVC,Exclusive | 1Bhk | Big Layout |Terrace |Vacant JVC
"1,250,000","Al Yasmeen, Ajman",5,7,"3,014 sqft","Next to Ajman Mosque, and from the services area, two floors, facing stone, modern super deluxe design, with the possibility of easy bank financing","Next to Ajman Mosque, and from the services area, two floors, facing stone, modern super deluxe design, with the possibility of easy bank financing"
"6,499,999","The Centro, The Villa, Dubai",5,5,"7,100 sqft",Well Maintained Valencia | 5 Bhk |Prime Location,Well Maintained Valencia | 5 Bhk |Prime Location
"1,200,000","Al Yasmeen, Ajman",5,7,"3,360 sqft","At a price includes all fees (registration and ownership, without any service fees) - Seize the opportunity and own a new villa behind the garden","At a price includes all fees (registration and ownership, without any service fees) - Seize the opportunity and own a new villa behind the garden"
"3,399,999","Camelia, Arabian Ranches 2, Dubai",4,4,"2,143 sqft",Palm Tree View | Upgraded | Across Pool,Palm Tree View | Upgraded | Across Pool
"400,000","Arabian Gates, Dubai Silicon Oasis, Dubai",0,1,463 sqft,Spacious and Bright Studio | Open View | Chiller Free | Vacant,Spacious and Bright Studio | Open View | Chiller Free | Vacant
"1,100,000","Al Yasmeen, Ajman",5,7,"3,200 sqft","At the best prices, a villa for sale, super lux finishing, personal building in the most prestigious areas in Ajman, freehold and bank financing, with","At the best prices, a villa for sale, super lux finishing, personal building in the most prestigious areas in Ajman, freehold and bank financing, with"
"1,500,000","Marina Diamond 1, Marina Diamonds, Dubai Marina, Dubai",2,2,983 sqft,Marina View | Furnished | Upgraded,Marina View | Furnished | Upgraded
"1,950,000","Madina Tower, JLT Cluster O, Jumeirah Lake Towers (JLT), Dubai",2,4,"2,031 sqft",Premium Tower | Exclusive | Park View,Premium Tower | Exclusive | Park View
"950,000","Belgravia Heights 1, JVC District 12, Jumeirah Village Circle (JVC), Dubai",1,1,764 sqft,Exclusive | Vacant | Fitted Kitchen | Park View,Exclusive | Vacant | Fitted Kitchen | Park View
"919,998","Al Yasmeen, Ajman",4,6,"3,000 sqft","Stop renting and own a life-changing freehold villa at the cheapest price for quick sale, without down payment and with the lowest monthly deduction","Stop renting and own a life-changing freehold villa at the cheapest price for quick sale, without down payment and with the lowest monthly deduction"
"990,000","Al Yasmeen, Ajman",4,5,"3,014 sqft","Own your villa for you and your family in Ajman, the Jasmine area, two floors, Arabic design,","Own your villa for you and your family in Ajman, the Jasmine area, two floors, Arabic design,"
"1,700,000","Al Zahya, Ajman",5,7,"3,400 sqft","At a snapshot price, without down payment, a villa near the mosque, one of the most luxurious villas in Ajman, with super deluxe finishes, freehold","At a snapshot price, without down payment, a villa near the mosque, one of the most luxurious villas in Ajman, with super deluxe finishes, freehold"
"2,399,999","Ocean Heights, Dubai Marina, Dubai",2,3,"1,619 sqft",On Low Floor | Fully Furnished | Well Maintained,On Low Floor | Fully Furnished | Well Maintained
"1,350,000","Al Yasmeen, Ajman",5,7,"3,000 sqft","One of the most luxurious Ajman villas, super deluxe personal building and finishing, building space and very large rooms, free ownership for all.","One of the most luxurious Ajman villas, super deluxe personal building and finishing, building space and very large rooms, free ownership for all."
"1,080,000","Al Helio 2, Al Helio, Ajman",5,7,"3,014 sqft","An opportunity to sell without down payment at an exclusive price, ground villa + first modern design. . . very excellent finishes - large building area","An opportunity to sell without down payment at an exclusive price, ground villa + first modern design. . . very excellent finishes - large building area"
"1,330,000","Al Alia, Ajman",5,7,"3,400 sqft","Villa for sale in Al Aley _ Ajman Owns a villa at a snapshot price, a distinguished location, personal finishing, directly on Sheikh Mohammed bin Zaye","Villa for sale in Al Aley _ Ajman Owns a villa at a snapshot price, a distinguished location, personal finishing, directly on Sheikh Mohammed bin Zaye"
"1,100,000","Al Yasmeen, Ajman",5,8,"3,014 sqft","At a snapshot price and without down payment, a new villa, the first inhabitant, opposite the mosque, one of the most luxurious villas in Ajman, perso","At a snapshot price and without down payment, a new villa, the first inhabitant, opposite the mosque, one of the most luxurious villas in Ajman, perso"
"1,190,000","Al Yasmeen, Ajman",3,6,"3,014 sqft","At a snapshot price for sale, a villa without down payment, two floors, and a roof, personal finis","At a snapshot price for sale, a villa without down payment, two floors, and a roof, personal finis"
"990,000","Al Yasmeen, Ajman",4,6,"3,014 sqft","Villa for sale - at a special price, without down payment, 100% bank financing - super deluxe finishes, freehold for all nationalities - large payment","Villa for sale - at a special price, without down payment, 100% bank financing - super deluxe finishes, freehold for all nationalities - large payment"
"1,150,000","Al Zahya, Ajman",5,7,"3,200 sqft","stone facade, modern design, wonderful finishes, for lovers of beauty and luxury, free ownership","stone facade, modern design, wonderful finishes, for lovers of beauty and luxury, free ownership"
"3,000,000","The Springs 14, The Springs, Dubai",2,3,"1,211 sqft",Peaceful | Great Location | Vacant on Transfer,Peaceful | Great Location | Vacant on Transfer
"830,000","Al Helio 2, Al Helio, Ajman",3,6,"3,900 sqft","Replace rent installments by owning a villa without a down payment, with easy and flexible bank financing, and the lowest monthly installment of up to","Replace rent installments by owning a villa without a down payment, with easy and flexible bank financing, and the lowest monthly installment of up to"
"1,350,000","Al Yasmeen, Ajman",5,7,"3,400 sqft","At the best prices, villa for sale, super lux finishing, personal building, in the finest areas in Ajman, freehold and bank financing, in easy install","At the best prices, villa for sale, super lux finishing, personal building, in the finest areas in Ajman, freehold and bank financing, in easy install"
"925,000","Beverly Residence, JVC District 13, Jumeirah Village Circle (JVC), Dubai",1,2,"1,088 sqft",Exclusive | 1Bhk | Big Layout |Terrace |Vacant JVC,Exclusive | 1Bhk | Big Layout |Terrace |Vacant JVC
"1,250,000","Al Yasmeen, Ajman",5,7,"3,014 sqft","Next to Ajman Mosque, and from the services area, two floors, facing stone, modern super deluxe design, with the possibility of easy bank financing","Next to Ajman Mosque, and from the services area, two floors, facing stone, modern super deluxe design, with the possibility of easy bank financing"
"6,499,999","The Centro, The Villa, Dubai",5,5,"7,100 sqft",Well Maintained Valencia | 5 Bhk |Prime Location,Well Maintained Valencia | 5 Bhk |Prime Location
"1,200,000","Al Yasmeen, Ajman",5,7,"3,360 sqft","At a price includes all fees (registration and ownership, without any service fees) - Seize the opportunity and own a new villa behind the garden","At a price includes all fees (registration and ownership, without any service fees) - Seize the opportunity and own a new villa behind the garden"
"3,399,999","Camelia, Arabian Ranches 2, Dubai",4,4,"2,143 sqft",Palm Tree View | Upgraded | Across Pool,Palm Tree View | Upgraded | Across Pool
"400,000","Arabian Gates, Dubai Silicon Oasis, Dubai",0,1,463 sqft,Spacious and Bright Studio | Open View | Chiller Free | Vacant,Spacious and Bright Studio | Open View | Chiller Free | Vacant
"1,100,000","Al Yasmeen, Ajman",5,7,"3,200 sqft","At the best prices, a villa for sale, super lux finishing, personal building in the most prestigious areas in Ajman, freehold and bank financing, with","At the best prices, a villa for sale, super lux finishing, personal building in the most prestigious areas in Ajman, freehold and bank financing, with"
"1,500,000","Marina Diamond 1, Marina Diamonds, Dubai Marina, Dubai",2,2,983 sqft,Marina View | Furnished | Upgraded,Marina View | Furnished | Upgraded
"1,950,000","Madina Tower, JLT Cluster O, Jumeirah Lake Towers (JLT), Dubai",2,4,"2,031 sqft",Premium Tower | Exclusive | Park View,Premium Tower | Exclusive | Park View
"950,000","Belgravia Heights 1, JVC District 12, Jumeirah Village Circle (JVC), Dubai",1,1,764 sqft,Exclusive | Vacant | Fitted Kitchen | Park View,Exclusive | Vacant | Fitted Kitchen | Park View
"919,998","Al Yasmeen, Ajman",4,6,"3,000 sqft","Stop renting and own a life-changing freehold villa at the cheapest price for quick sale, without down payment and with the lowest monthly deduction","Stop renting and own a life-changing freehold villa at the cheapest price for quick sale, without down payment and with the lowest monthly deduction"
"990,000","Al Yasmeen, Ajman",4,5,"3,014 sqft","Own your villa for you and your family in Ajman, the Jasmine area, two floors, Arabic design,","Own your villa for you and your family in Ajman, the Jasmine area, two floors, Arabic design,"
"1,700,000","Al Zahya, Ajman",5,7,"3,400 sqft","At a snapshot price, without down payment, a villa near the mosque, one of the most luxurious villas in Ajman, with super deluxe finishes, freehold","At a snapshot price, without down payment, a villa near the mosque, one of the most luxurious villas in Ajman, with super deluxe finishes, freehold"
"2,399,999","Ocean Heights, Dubai Marina, Dubai",2,3,"1,619 sqft",On Low Floor | Fully Furnished | Well Maintained,On Low Floor | Fully Furnished | Well Maintained
"1,350,000","Al Yasmeen, Ajman",5,7,"3,000 sqft","One of the most luxurious Ajman villas, super deluxe personal building and finishing, building space and very large rooms, free ownership for all.","One of the most luxurious Ajman villas, super deluxe personal building and finishing, building space and very large rooms, free ownership for all."
"1,080,000","Al Helio 2, Al Helio, Ajman",5,7,"3,014 sqft","An opportunity to sell without down payment at an exclusive price, ground villa + first modern design. . . very excellent finishes - large building area","An opportunity to sell without down payment at an exclusive price, ground villa + first modern design. . . very excellent finishes - large building area"
"1,330,000","Al Alia, Ajman",5,7,"3,400 sqft","Villa for sale in Al Aley _ Ajman Owns a villa at a snapshot price, a distinguished location, personal finishing, directly on Sheikh Mohammed bin Zaye","Villa for sale in Al Aley _ Ajman Owns a villa at a snapshot price, a distinguished location, personal finishing, directly on Sheikh Mohammed bin Zaye"
"1,100,000","Al Yasmeen, Ajman",5,8,"3,014 sqft","At a snapshot price and without down payment, a new villa, the first inhabitant, opposite the mosque, one of the most luxurious villas in Ajman, perso","At a snapshot price and without down payment, a new villa, the first inhabitant, opposite the mosque, one of the most luxurious villas in Ajman, perso"
"1,190,000","Al Yasmeen, Ajman",3,6,"3,014 sqft","At a snapshot price for sale, a villa without down payment, two floors, and a roof, personal finis","At a snapshot price for sale, a villa without down payment, two floors, and a roof, personal finis"
"990,000","Al Yasmeen, Ajman",4,6,"3,014 sqft","Villa for sale - at a special price, without down payment, 100% bank financing - super deluxe finishes, freehold for all nationalities - large payment","Villa for sale - at a special price, without down payment, 100% bank financing - super deluxe finishes, freehold for all nationalities - large payment"
"1,150,000","Al Zahya, Ajman",5,7,"3,200 sqft","stone facade, modern design, wonderful finishes, for lovers of beauty and luxury, free ownership","stone facade, modern design, wonderful finishes, for lovers of beauty and luxury, free ownership"
"3,000,000","The Springs 14, The Springs, Dubai",2,3,"1,211 sqft",Peaceful | Great Location | Vacant on Transfer,Peaceful | Great Location | Vacant on Transfer
"830,000","Al Helio 2, Al Helio, Ajman",3,6,"3,900 sqft","Replace rent installments by owning a villa without a down payment, with easy and flexible bank financing, and the lowest monthly installment of up to","Replace rent installments by owning a villa without a down payment, with easy and flexible bank financing, and the lowest monthly installment of up to"
"1,350,000","Al Yasmeen, Ajman",5,7,"3,400 sqft","At the best prices, villa for sale, super lux finishing, personal building, in the finest areas in Ajman, freehold and bank financing, in easy install","At the best prices, villa for sale, super lux finishing, personal building, in the finest areas in Ajman, freehold and bank financing, in easy install"
"925,000","Beverly Residence, JVC District 13, Jumeirah Village Circle (JVC), Dubai",1,2,"1,088 sqft",Exclusive | 1Bhk | Big Layout |Terrace |Vacant JVC,Exclusive | 1Bhk | Big Layout |Terrace |Vacant JVC
"1,250,000","Al Yasmeen, Ajman",5,7,"3,014 sqft","Next to Ajman Mosque, and from the services area, two floors, facing stone, modern super deluxe design, with the possibility of easy bank financing","Next to Ajman Mosque, and from the services area, two floors, facing stone, modern super deluxe design, with the possibility of easy bank financing"
"6,499,999","The Centro, The Villa, Dubai",5,5,"7,100 sqft",Well Maintained Valencia | 5 Bhk |Prime Location,Well Maintained Valencia | 5 Bhk |Prime Location
"1,200,000","Al Yasmeen, Ajman",5,7,"3,360 sqft","At a price includes all fees (registration and ownership, without any service fees) - Seize the opportunity and own a new villa behind the garden","At a price includes all fees (registration and ownership, without any service fees) - Seize the opportunity and own a new villa behind the garden"
"3,399,999","Camelia, Arabian Ranches 2, Dubai",4,4,"2,143 sqft",Palm Tree View | Upgraded | Across Pool,Palm Tree View | Upgraded | Across Pool
"400,000","Arabian Gates, Dubai Silicon Oasis, Dubai",0,1,463 sqft,Spacious and Bright Studio | Open View | Chiller Free | Vacant,Spacious and Bright Studio | Open View | Chiller Free | Vacant
"1,100,000","Al Yasmeen, Ajman",5,7,"3,200 sqft","At the best prices, a villa for sale, super lux finishing, personal building in the most prestigious areas in Ajman, freehold and bank financing, with","At the best prices, a villa for sale, super lux finishing, personal building in the most prestigious areas in Ajman, freehold and bank financing, with"
"1,500,000","Marina Diamond 1, Marina Diamonds, Dubai Marina, Dubai",2,2,983 sqft,Marina View | Furnished | Upgraded,Marina View | Furnished | Upgraded
"1,950,000","Madina Tower, JLT Cluster O, Jumeirah Lake Towers (JLT), Dubai",2,4,"2,031 sqft",Premium Tower | Exclusive | Park View,Premium Tower | Exclusive | Park View
"950,000","Belgravia Heights 1, JVC District 12, Jumeirah Village Circle (JVC), Dubai",1,1,764 sqft,Exclusive | Vacant | Fitted Kitchen | Park View,Exclusive | Vacant | Fitted Kitchen | Park View
"919,998","Al Yasmeen, Ajman",4,6,"3,000 sqft","Stop renting and own a life-changing freehold villa at the cheapest price for quick sale, without down payment and with the lowest monthly deduction","Stop renting and own a life-changing freehold villa at the cheapest price for quick sale, without down payment and with the lowest monthly deduction"
"990,000","Al Yasmeen, Ajman",4,5,"3,014 sqft","Own your villa for you and your family in Ajman, the Jasmine area, two floors, Arabic design,","Own your villa for you and your family in Ajman, the Jasmine area, two floors, Arabic design,"
"1,700,000","Al Zahya, Ajman",5,7,"3,400 sqft","At a snapshot price, without down payment, a villa near the mosque, one of the most luxurious villas in Ajman, with super deluxe finishes, freehold","At a snapshot price, without down payment, a villa near the mosque, one of the most luxurious villas in Ajman, with super deluxe finishes, freehold"
"2,399,999","Ocean Heights, Dubai Marina, Dubai",2,3,"1,619 sqft",On Low Floor | Fully Furnished | Well Maintained,On Low Floor | Fully Furnished | Well Maintained
"1,350,000","Al Yasmeen, Ajman",5,7,"3,000 sqft","One of the most luxurious Ajman villas, super deluxe personal building and finishing, building space and very large rooms, free ownership for all.","One of the most luxurious Ajman villas, super deluxe personal building and finishing, building space and very large rooms, free ownership for all."
"1,080,000","Al Helio 2, Al Helio, Ajman",5,7,"3,014 sqft","An opportunity to sell without down payment at an exclusive price, ground villa + first modern design. . . very excellent finishes - large building area","An opportunity to sell without down payment at an exclusive price, ground villa + first modern design. . . very excellent finishes - large building area"
"1,330,000","Al Alia, Ajman",5,7,"3,400 sqft","Villa for sale in Al Aley _ Ajman Owns a villa at a snapshot price, a distinguished location, personal finishing, directly on Sheikh Mohammed bin Zaye","Villa for sale in Al Aley _ Ajman Owns a villa at a snapshot price, a distinguished location, personal finishing, directly on Sheikh Mohammed bin Zaye"
"1,100,000","Al Yasmeen, Ajman",5,8,"3,014 sqft","At a snapshot price and without down payment, a new villa, the first inhabitant, opposite the mosque, one of the most luxurious villas in Ajman, perso","At a snapshot price and without down payment, a new villa, the first inhabitant, opposite the mosque, one of the most luxurious villas in Ajman, perso"
"1,190,000","Al Yasmeen, Ajman",3,6,"3,014 sqft","At a snapshot price for sale, a villa without down payment, two floors, and a roof, personal finis","At a snapshot price for sale, a villa without down payment, two floors, and a roof, personal finis"
"990,000","Al Yasmeen, Ajman",4,6,"3,014 sqft","Villa for sale - at a special price, without down payment, 100% bank financing - super deluxe finishes, freehold for all nationalities - large payment","Villa for sale - at a special price, without down payment, 100% bank financing - super deluxe finishes, freehold for all nationalities - large payment"
"1,150,000","Al Zahya, Ajman",5,7,"3,200 sqft","stone facade, modern design, wonderful finishes, for lovers of beauty and luxury, free ownership","stone facade, modern design, wonderful finishes, for lovers of beauty and luxury, free ownership"
"3,000,000","The Springs 14, The Springs, Dubai",2,3,"1,211 sqft",Peaceful | Great Location | Vacant on Transfer,Peaceful | Great Location | Vacant on Transfer
"830,000","Al Helio 2, Al Helio, Ajman",3,6,"3,900 sqft","Replace rent installments by owning a villa without a down payment, with easy and flexible bank financing, and the lowest monthly installment of up to","Replace rent installments by owning a villa without a down payment, with easy and flexible bank financing, and the lowest monthly installment of up to"
"1,350,000","Al Yasmeen, Ajman",5,7,"3,400 sqft","At the best prices, villa for sale, super lux finishing, personal building, in the finest areas in Ajman, freehold and bank financing, in easy install","At the best prices, villa for sale, super lux finishing, personal building, in the finest areas in Ajman, freehold and bank financing, in easy install"
"925,000","Beverly Residence, JVC District 13, Jumeirah Village Circle (JVC), Dubai",1,2,"1,088 sqft",Exclusive | 1Bhk | Big Layout |Terrace |Vacant JVC,Exclusive | 1Bhk | Big Layout |Terrace |Vacant JVC
"1,250,000","Al Yasmeen, Ajman",5,7,"3,014 sqft","Next to Ajman Mosque, and from the services area, two floors, facing stone, modern super deluxe design, with the possibility of easy bank financing","Next to Ajman Mosque, and from the services area, two floors, facing stone, modern super deluxe design, with the possibility of easy bank financing"
"6,499,999","The Centro, The Villa, Dubai",5,5,"7,100 sqft",Well Maintained Valencia | 5 Bhk |Prime Location,Well Maintained Valencia | 5 Bhk |Prime Location
"1,200,000","Al Yasmeen, Ajman",5,7,"3,360 sqft","At a price includes all fees (registration and ownership, without any service fees) - Seize the opportunity and own a new villa behind the garden","At a price includes all fees (registration and ownership, without any service fees) - Seize the opportunity and own a new villa behind the garden"
"3,399,999","Camelia, Arabian Ranches 2, Dubai",4,4,"2,143 sqft",Palm Tree View | Upgraded | Across Pool,Palm Tree View | Upgraded | Across Pool
"400,000","Arabian Gates, Dubai Silicon Oasis, Dubai",0,1,463 sqft,Spacious and Bright Studio | Open View | Chiller Free | Vacant,Spacious and Bright Studio | Open View | Chiller Free | Vacant
"1,100,000","Al Yasmeen, Ajman",5,7,"3,200 sqft","At the best prices, a villa for sale, super lux finishing, personal building in the most prestigious areas in Ajman, freehold and bank financing, with","At the best prices, a villa for sale, super lux finishing, personal building in the most prestigious areas in Ajman, freehold and bank financing, with"
"1,500,000","Marina Diamond 1, Marina Diamonds, Dubai Marina, Dubai",2,2,983 sqft,Marina View | Furnished | Upgraded,Marina View | Furnished | Upgraded
"1,950,000","Madina Tower, JLT Cluster O, Jumeirah Lake Towers (JLT), Dubai",2,4,"2,031 sqft",Premium Tower | Exclusive | Park View,Premium Tower | Exclusive | Park View
"950,000","Belgravia Heights 1, JVC District 12, Jumeirah Village Circle (JVC), Dubai",1,1,764 sqft,Exclusive | Vacant | Fitted Kitchen | Park View,Exclusive | Vacant | Fitted Kitchen | Park View
"919,998","Al Yasmeen, Ajman",4,6,"3,000 sqft","Stop renting and own a life-changing freehold villa at the cheapest price for quick sale, without down payment and with the lowest monthly deduction","Stop renting and own a life-changing freehold villa at the cheapest price for quick sale, without down payment and with the lowest monthly deduction"
"990,000","Al Yasmeen, Ajman",4,5,"3,014 sqft","Own your villa for you and your family in Ajman, the Jasmine area, two floors, Arabic design,","Own your villa for you and your family in Ajman, the Jasmine area, two floors, Arabic design,"
"1,700,000","Al Zahya, Ajman",5,7,"3,400 sqft","At a snapshot price, without down payment, a villa near the mosque, one of the most luxurious villas in Ajman, with super deluxe finishes, freehold","At a snapshot price, without down payment, a villa near the mosque, one of the most luxurious villas in Ajman, with super deluxe finishes, freehold"
"2,399,999","Ocean Heights, Dubai Marina, Dubai",2,3,"1,619 sqft",On Low Floor | Fully Furnished | Well Maintained,On Low Floor | Fully Furnished | Well Maintained
"1,350,000","Al Yasmeen, Ajman",5,7,"3,000 sqft","One of the most luxurious Ajman villas, super deluxe personal building and finishing, building space and very large rooms, free ownership for all.","One of the most luxurious Ajman villas, super deluxe personal building and finishing, building space and very large rooms, free ownership for all."
"1,080,000","Al Helio 2, Al Helio, Ajman",5,7,"3,014 sqft","An opportunity to sell without down payment at an exclusive price, ground villa + first modern design. . . very excellent finishes - large building area","An opportunity to sell without down payment at an exclusive price, ground villa + first modern design. . . very excellent finishes - large building area"
"1,330,000","Al Alia, Ajman",5,7,"3,400 sqft","Villa for sale in Al Aley _ Ajman Owns a villa at a snapshot price, a distinguished location, personal finishing, directly on Sheikh Mohammed bin Zaye","Villa for sale in Al Aley _ Ajman Owns a villa at a snapshot price, a distinguished location, personal finishing, directly on Sheikh Mohammed bin Zaye"
"1,100,000","Al Yasmeen, Ajman",5,8,"3,014 sqft","At a snapshot price and without down payment, a new villa, the first inhabitant, opposite the mosque, one of the most luxurious villas in Ajman, perso","At a snapshot price and without down payment, a new villa, the first inhabitant, opposite the mosque, one of the most luxurious villas in Ajman, perso"
"1,190,000","Al Yasmeen, Ajman",3,6,"3,014 sqft","At a snapshot price for sale, a villa without down payment, two floors, and a roof, personal finis","At a snapshot price for sale, a villa without down payment, two floors, and a roof, personal finis"
"990,000","Al Yasmeen, Ajman",4,6,"3,014 sqft","Villa for sale - at a special price, without down payment, 100% bank financing - super deluxe finishes, freehold for all nationalities - large payment","Villa for sale - at a special price, without down payment, 100% bank financing - super deluxe finishes, freehold for all nationalities - large payment"
"1,150,000","Al Zahya, Ajman",5,7,"3,200 sqft","stone facade, modern design, wonderful finishes, for lovers of beauty and luxury, free ownership","stone facade, modern design, wonderful finishes, for lovers of beauty and luxury, free ownership"
"3,000,000","The Springs 14, The Springs, Dubai",2,3,"1,211 sqft",Peaceful | Great Location | Vacant on Transfer,Peaceful | Great Location | Vacant on Transfer
"830,000","Al Helio 2, Al Helio, Ajman",3,6,"3,900 sqft","Replace rent installments by owning a villa without a down payment, with easy and flexible bank financing, and the lowest monthly installment of up to","Replace rent installments by owning a villa without a down payment, with easy and flexible bank financing, and the lowest monthly installment of up to"
"1,350,000","Al Yasmeen, Ajman",5,7,"3,400 sqft","At the best prices, villa for sale, super lux finishing, personal building, in the finest areas in Ajman, freehold and bank financing, in easy install","At the best prices, villa for sale, super lux finishing, personal building, in the finest areas in Ajman, freehold and bank financing, in easy install"
"925,000","Beverly Residence, JVC District 13, Jumeirah Village Circle (JVC), Dubai",1,2,"1,088 sqft",Exclusive | 1Bhk | Big Layout |Terrace |Vacant JVC,Exclusive | 1Bhk | Big Layout |Terrace |Vacant JVC
"1,250,000","Al Yasmeen, Ajman",5,7,"3,014 sqft","Next to Ajman Mosque, and from the services area, two floors, facing stone, modern super deluxe design, with the possibility of easy bank financing","Next to Ajman Mosque, and from the services area, two floors, facing stone, modern super deluxe design, with the possibility of easy bank financing"
"6,499,999","The Centro, The Villa, Dubai",5,5,"7,100 sqft",Well Maintained Valencia | 5 Bhk |Prime Location,Well Maintained Valencia | 5 Bhk |Prime Location
"1,200,000","Al Yasmeen, Ajman",5,7,"3,360 sqft","At a price includes all fees (registration and ownership, without any service fees) - Seize the opportunity and own a new villa behind the garden","At a price includes all fees (registration and ownership, without any service fees) - Seize the opportunity and own a new villa behind the garden"
"3,399,999","Camelia, Arabian Ranches 2, Dubai",4,4,"2,143 sqft",Palm Tree View | Upgraded | Across Pool,Palm Tree View | Upgraded | Across Pool
"400,000","Arabian Gates, Dubai Silicon Oasis, Dubai",0,1,463 sqft,Spacious and Bright Studio | Open View | Chiller Free | Vacant,Spacious and Bright Studio | Open View | Chiller Free | Vacant
"1,100,000","Al Yasmeen, Ajman",5,7,"3,200 sqft","At the best prices, a villa for sale, super lux finishing, personal building in the most prestigious areas in Ajman, freehold and bank financing, with","At the best prices, a villa for sale, super lux finishing, personal building in the most prestigious areas in Ajman, freehold and bank financing, with"
"1,500,000","Marina Diamond 1, Marina Diamonds, Dubai Marina, Dubai",2,2,983 sqft,Marina View | Furnished | Upgraded,Marina View | Furnished | Upgraded
"1,950,000","Madina Tower, JLT Cluster O, Jumeirah Lake Towers (JLT), Dubai",2,4,"2,031 sqft",Premium Tower | Exclusive | Park View,Premium Tower | Exclusive | Park View
"950,000","Belgravia Heights 1, JVC District 12, Jumeirah Village Circle (JVC), Dubai",1,1,764 sqft,Exclusive | Vacant | Fitted Kitchen | Park View,Exclusive | Vacant | Fitted Kitchen | Park View
"919,998","Al Yasmeen, Ajman",4,6,"3,000 sqft","Stop renting and own a life-changing freehold villa at the cheapest price for quick sale, without down payment and with the lowest monthly deduction","Stop renting and own a life-changing freehold villa at the cheapest price for quick sale, without down payment and with the lowest monthly deduction"
"990,000","Al Yasmeen, Ajman",4,5,"3,014 sqft","Own your villa for you and your family in Ajman, the Jasmine area, two floors, Arabic design,","Own your villa for you and your family in Ajman, the Jasmine area, two floors, Arabic design,"
"1,700,000","Al Zahya, Ajman",5,7,"3,400 sqft","At a snapshot price, without down payment, a villa near the mosque, one of the most luxurious villas in Ajman, with super deluxe finishes, freehold","At a snapshot price, without down payment, a villa near the mosque, one of the most luxurious villas in Ajman, with super deluxe finishes, freehold"
"2,399,999","Ocean Heights, Dubai Marina, Dubai",2,3,"1,619 sqft",On Low Floor | Fully Furnished | Well Maintained,On Low Floor | Fully Furnished | Well Maintained
"1,350,000","Al Yasmeen, Ajman",5,7,"3,000 sqft","One of the most luxurious Ajman villas, super deluxe personal building and finishing, building space and very large rooms, free ownership for all.","One of the most luxurious Ajman villas, super deluxe personal building and finishing, building space and very large rooms, free ownership for all."
"1,080,000","Al Helio 2, Al Helio, Ajman",5,7,"3,014 sqft","An opportunity to sell without down payment at an exclusive price, ground villa + first modern design. . . very excellent finishes - large building area","An opportunity to sell without down payment at an exclusive price, ground villa + first modern design. . . very excellent finishes - large building area"
"1,330,000","Al Alia, Ajman",5,7,"3,400 sqft","Villa for sale in Al Aley _ Ajman Owns a villa at a snapshot price, a distinguished location, personal finishing, directly on Sheikh Mohammed bin Zaye","Villa for sale in Al Aley _ Ajman Owns a villa at a snapshot price, a distinguished location, personal finishing, directly on Sheikh Mohammed bin Zaye"
"1,100,000","Al Yasmeen, Ajman",5,8,"3,014 sqft","At a snapshot price and without down payment, a new villa, the first inhabitant, opposite the mosque, one of the most luxurious villas in Ajman, perso","At a snapshot price and without down payment, a new villa, the first inhabitant, opposite the mosque, one of the most luxurious villas in Ajman, perso"
"1,190,000","Al Yasmeen, Ajman",3,6,"3,014 sqft","At a snapshot price for sale, a villa without down payment, two floors, and a roof, personal finis","At a snapshot price for sale, a villa without down payment, two floors, and a roof, personal finis"
"990,000","Al Yasmeen, Ajman",4,6,"3,014 sqft","Villa for sale - at a special price, without down payment, 100% bank financing - super deluxe finishes, freehold for all nationalities - large payment","Villa for sale - at a special price, without down payment, 100% bank financing - super deluxe finishes, freehold for all nationalities - large payment"
"1,150,000","Al Zahya, Ajman",5,7,"3,200 sqft","stone facade, modern design, wonderful finishes, for lovers of beauty and luxury, free ownership","stone facade, modern design, wonderful finishes, for lovers of beauty and luxury, free ownership"
"3,000,000","The Springs 14, The Springs, Dubai",2,3,"1,211 sqft",Peaceful | Great Location | Vacant on Transfer,Peaceful | Great Location | Vacant on Transfer
"830,000","Al Helio 2, Al Helio, Ajman",3,6,"3,900 sqft","Replace rent installments by owning a villa without a down payment, with easy and flexible bank financing, and the lowest monthly installment of up to","Replace rent installments by owning a villa without a down payment, with easy and flexible bank financing, and the lowest monthly installment of up to"
"1,350,000","Al Yasmeen, Ajman",5,7,"3,400 sqft","At the best prices, villa for sale, super lux finishing, personal building, in the finest areas in Ajman, freehold and bank financing, in easy install","At the best prices, villa for sale, super lux finishing, personal building, in the finest areas in Ajman, freehold and bank financing, in easy install"
"925,000","Beverly Residence, JVC District 13, Jumeirah Village Circle (JVC), Dubai",1,2,"1,088 sqft",Exclusive | 1Bhk | Big Layout |Terrace |Vacant JVC,Exclusive | 1Bhk | Big Layout |Terrace |Vacant JVC
"1,250,000","Al Yasmeen, Ajman",5,7,"3,014 sqft","Next to Ajman Mosque, and from the services area, two floors, facing stone, modern super deluxe design, with the possibility of easy bank financing","Next to Ajman Mosque, and from the services area, two floors, facing stone, modern super deluxe design, with the possibility of easy bank financing"
"6,499,999","The Centro, The Villa, Dubai",5,5,"7,100 sqft",Well Maintained Valencia | 5 Bhk |Prime Location,Well Maintained Valencia | 5 Bhk |Prime Location
"1,200,000","Al Yasmeen, Ajman",5,7,"3,360 sqft","At a price includes all fees (registration and ownership, without any service fees) - Seize the opportunity and own a new villa behind the garden","At a price includes all fees (registration and ownership, without any service fees) - Seize the opportunity and own a new villa behind the garden"
"3,399,999","Camelia, Arabian Ranches 2, Dubai",4,4,"2,143 sqft",Palm Tree View | Upgraded | Across Pool,Palm Tree View | Upgraded | Across Pool
"400,000","Arabian Gates, Dubai Silicon Oasis, Dubai",0,1,463 sqft,Spacious and Bright Studio | Open View | Chiller Free | Vacant,Spacious and Bright Studio | Open View | Chiller Free | Vacant
"1,100,000","Al Yasmeen, Ajman",5,7,"3,200 sqft","At the best prices, a villa for sale, super lux finishing, personal building in the most prestigious areas in Ajman, freehold and bank financing, with","At the best prices, a villa for sale, super lux finishing, personal building in the most prestigious areas in Ajman, freehold and bank financing, with"
"1,500,000","Marina Diamond 1, Marina Diamonds, Dubai Marina, Dubai",2,2,983 sqft,Marina View | Furnished | Upgraded,Marina View | Furnished | Upgraded
"1,950,000","Madina Tower, JLT Cluster O, Jumeirah Lake Towers (JLT), Dubai",2,4,"2,031 sqft",Premium Tower | Exclusive | Park View,Premium Tower | Exclusive | Park View
"950,000","Belgravia Heights 1, JVC District 12, Jumeirah Village Circle (JVC), Dubai",1,1,764 sqft,Exclusive | Vacant | Fitted Kitchen | Park View,Exclusive | Vacant | Fitted Kitchen | Park View
"919,998","Al Yasmeen, Ajman",4,6,"3,000 sqft","Stop renting and own a life-changing freehold villa at the cheapest price for quick sale, without down payment and with the lowest monthly deduction","Stop renting and own a life-changing freehold villa at the cheapest price for quick sale, without down payment and with the lowest monthly deduction"
"990,000","Al Yasmeen, Ajman",4,5,"3,014 sqft","Own your villa for you and your family in Ajman, the Jasmine area, two floors, Arabic design,","Own your villa for you and your family in Ajman, the Jasmine area, two floors, Arabic design,"
"1,700,000","Al Zahya, Ajman",5,7,"3,400 sqft","At a snapshot price, without down payment, a villa near the mosque, one of the most luxurious villas in Ajman, with super deluxe finishes, freehold","At a snapshot price, without down payment, a villa near the mosque, one of the most luxurious villas in Ajman, with super deluxe finishes, freehold"
"2,399,999","Ocean Heights, Dubai Marina, Dubai",2,3,"1,619 sqft",On Low Floor | Fully Furnished | Well Maintained,On Low Floor | Fully Furnished | Well Maintained
"1,350,000","Al Yasmeen, Ajman",5,7,"3,000 sqft","One of the most luxurious Ajman villas, super deluxe personal building and finishing, building space and very large rooms, free ownership for all.","One of the most luxurious Ajman villas, super deluxe personal building and finishing, building space and very large rooms, free ownership for all."
"1,080,000","Al Helio 2, Al Helio, Ajman",5,7,"3,014 sqft","An opportunity to sell without down payment at an exclusive price, ground villa + first modern design. . . very excellent finishes - large building area","An opportunity to sell without down payment at an exclusive price, ground villa + first modern design. . . very excellent finishes - large building area"
"1,330,000","Al Alia, Ajman",5,7,"3,400 sqft","Villa for sale in Al Aley _ Ajman Owns a villa at a snapshot price, a distinguished location, personal finishing, directly on Sheikh Mohammed bin Zaye","Villa for sale in Al Aley _ Ajman Owns a villa at a snapshot price, a distinguished location, personal finishing, directly on Sheikh Mohammed bin Zaye"
"1,100,000","Al Yasmeen, Ajman",5,8,"3,014 sqft","At a snapshot price and without down payment, a new villa, the first inhabitant, opposite the mosque, one of the most luxurious villas in Ajman, perso","At a snapshot price and without down payment, a new villa, the first inhabitant, opposite the mosque, one of the most luxurious villas in Ajman, perso"
"1,190,000","Al Yasmeen, Ajman",3,6,"3,014 sqft","At a snapshot price for sale, a villa without down payment, two floors, and a roof, personal finis","At a snapshot price for sale, a villa without down payment, two floors, and a roof, personal finis"
"990,000","Al Yasmeen, Ajman",4,6,"3,014 sqft","Villa for sale - at a special price, without down payment, 100% bank financing - super deluxe finishes, freehold for all nationalities - large payment","Villa for sale - at a special price, without down payment, 100% bank financing - super deluxe finishes, freehold for all nationalities - large payment"
"1,150,000","Al Zahya, Ajman",5,7,"3,200 sqft","stone facade, modern design, wonderful finishes, for lovers of beauty and luxury, free ownership","stone facade, modern design, wonderful finishes, for lovers of beauty and luxury, free ownership"
"3,000,000","The Springs 14, The Springs, Dubai",2,3,"1,211 sqft",Peaceful | Great Location | Vacant on Transfer,Peaceful | Great Location | Vacant on Transfer
"830,000","Al Helio 2, Al Helio, Ajman",3,6,"3,900 sqft","Replace rent installments by owning a villa without a down payment, with easy and flexible bank financing, and the lowest monthly installment of up to","Replace rent installments by owning a villa without a down payment, with easy and flexible bank financing, and the lowest monthly installment of up to"
"1,350,000","Al Yasmeen, Ajman",5,7,"3,400 sqft","At the best prices, villa for sale, super lux finishing, personal building, in the finest areas in Ajman, freehold and bank financing, in easy install","At the best prices, villa for sale, super lux finishing, personal building, in the finest areas in Ajman, freehold and bank financing, in easy install"
"925,000","Beverly Residence, JVC District 13, Jumeirah Village Circle (JVC), Dubai",1,2,"1,088 sqft",Exclusive | 1Bhk | Big Layout |Terrace |Vacant JVC,Exclusive | 1Bhk | Big Layout |Terrace |Vacant JVC
"1,250,000","Al Yasmeen, Ajman",5,7,"3,014 sqft","Next to Ajman Mosque, and from the services area, two floors, facing stone, modern super deluxe design, with the possibility of easy bank financing","Next to Ajman Mosque, and from the services area, two floors, facing stone, modern super deluxe design, with the possibility of easy bank financing"
"6,499,999","The Centro, The Villa, Dubai",5,5,"7,100 sqft",Well Maintained Valencia | 5 Bhk |Prime Location,Well Maintained Valencia | 5 Bhk |Prime Location
"1,200,000","Al Yasmeen, Ajman",5,7,"3,360 sqft","At a price includes all fees (registration and ownership, without any service fees) - Seize the opportunity and own a new villa behind the garden","At a price includes all fees (registration and ownership, without any service fees) - Seize the opportunity and own a new villa behind the garden"
